Batch,Barcode,Episode,Coordinate,Variant1,Variant2,EpisodeWES
Verification,11,NA24385_KCG,chr6:152389564-152404726,chr6:152389867:T:C,chr6:152403191:G:T,NA24385
Verification,21,NA24385_FY,chr1:236544386-236560469,chr1:236545243:CG:C,chr1:236559878:C:A,NA2438
Verification,24,NA24385_NATMP,chr21:42371349-42389177 ,chr21:42371516:G:A,chr21:42383199:C:CTA,NA24385
Verification,1,NA24385_CYP,chr8:142870484-142879995,chr8:142879181:G:A,,NA24385
Verification,4,NA24385_HBA1_2,chr16:170976-178092,chr16:174399:T:TG,,NA24385
Verification,17,NA24385_TUBB2B,chr6:3222614-3228061,chr6:3224393:A:ACG,,NA24385